{"cameraMode":{"drawMode":0,"name":"Shaded","section":"Shading Mode"},"sceneLighting":false,"audioPlay":false,"sceneViewState":{"showFog":false,"showMaterialUpdate":false,"showSkybox":false,"showFlares":false,"showImageEffects":false,"showParticleSystems":false},"in2DMode":false,"pivot":{"x":-10.567096710205079,"y":-2.151445150375366,"z":3.467045545578003},"rotation":{"x":-0.008984368294477463,"y":0.03240496665239334,"z":0.00029148190515115857,"w":0.9994344115257263},"size":1.5181360244750977,"orthographic":false}