{"cameraMode":{"drawMode":0,"name":"Shaded","section":"Shading Mode"},"sceneLighting":true,"audioPlay":false,"sceneViewState":{"showFog":false,"showMaterialUpdate":false,"showSkybox":false,"showFlares":false,"showImageEffects":false,"showParticleSystems":false},"in2DMode":false,"pivot":{"x":1427.3973388671875,"y":837.89990234375,"z":132.883056640625},"rotation":{"x":0.040489766746759418,"y":-0.0020932017359882595,"z":0.00008659900777274743,"w":0.9991778135299683},"size":2026.195556640625,"orthographic":false}